student_id,class_label,assignment_mean,submission_rate,assignment_early,assignment_mid,assignment_late,assignment_slope,assignment_sd,zero_score_count,conceptual_knowledge,unaided_programming,ai_assisted_problem_solving,forum_posts_raw,attendance_rate,conversion_residual_z,theoretical_type,cluster_k3,cluster_k4
S001,Class A,64.27777777777777,0.8888888888888888,46.66666666666666,61.66666666666666,84.5,8.261666666666663,40.42374852044828,2,37.5,48.0,60,8,0.7142857142857143,-0.3655839141076904,Double-low,3,3
S002,Class A,86.55555555555556,0.8888888888888888,100.0,99.16666666666669,60.5,-5.710000000000003,32.8515643124917,1,90.0,66.0,60,18,0.7142857142857143,0.04256211497066111,Stable-acquisition,2,4
S003,Class A,91.58888888888887,1.0,86.10000000000001,98.33333333333331,90.33333333333331,0.6549999999999931,11.10432848537502,0,80.0,44.0,60,5,0.5714285714285714,-1.185490352546077,Discrepant,3,3
S004,Class A,47.53333333333333,1.0,21.66666666666667,64.16666666666667,56.76666666666667,3.151666666666664,35.6811925249143,2,67.5,62.0,60,18,0.5714285714285714,0.7219787038588859,Low-engagement potential,3,3
S005,Class A,64.94444444444444,0.8888888888888888,60.16666666666666,57.5,77.16666666666667,0.9133333333333333,37.71800336414665,1,70.0,52.0,80,17,0.7142857142857143,-0.1780552617343635,Double-low,2,3
S006,Class A,90.67777777777778,1.0,80.0,98.33333333333331,93.7,3.184999999999995,19.4515923369899,0,95.0,88.0,80,16,0.8571428571428571,1.063672844712337,Stable-acquisition,2,4
S007,Class A,64.72222222222223,1.0,43.9,74.46666666666667,75.8,4.218333333333329,28.013379739768,0,35.0,80.0,60,13,0.4285714285714285,1.245148174564639,Low-engagement potential,2,4
S008,Class A,43.92222222222222,0.6666666666666666,0.0,47.76666666666667,84.0,14.60333333333334,43.38959488684407,4,62.5,54.0,80,18,0.5714285714285714,0.3984056906703481,Double-low,3,3
S009,Class A,47.65555555555555,0.8888888888888888,20.83333333333333,79.96666666666667,42.16666666666666,4.309999999999999,36.79626717179037,2,67.5,32.0,40,21,0.5714285714285714,-0.8002630592254166,Double-low,3,3
S010,Class A,85.26666666666667,0.8888888888888888,66.66666666666667,100.0,89.13333333333333,3.726666666666662,32.84387309681975,1,90.0,70.0,70,4,0.2857142857142857,0.2742919152182737,Stable-acquisition,3,3
S011,Class A,53.63333333333333,0.7777777777777778,55.56666666666666,66.66666666666667,38.66666666666666,-1.875000000000002,43.73156754565288,3,82.5,14.0,50,14,0.4285714285714285,-1.847065446510062,Double-low,3,3
S012,Class A,52.91111111111111,0.7777777777777778,33.33333333333334,75.03333333333333,50.36666666666667,3.278333333333332,42.39219988525143,3,47.5,76.0,100,16,0.5714285714285714,1.309515836497609,Low-engagement potential,2,4
S013,Class A,57.57777777777777,0.8888888888888888,30.0,63.33333333333334,79.39999999999999,9.715,38.42540753777953,2,85.0,52.0,60,16,0.8571428571428571,-0.01154752854884512,Double-low,3,3
S014,Class A,89.30000000000001,1.0,80.0,96.66666666666669,91.23333333333332,3.076666666666664,20.0925359275528,0,77.5,66.0,100,15,0.5714285714285714,-0.01947017778472813,Stable-acquisition,2,4
S015,Class A,79.22222222222223,1.0,56.0,92.23333333333332,89.43333333333334,7.071666666666665,32.47563616689355,1,87.5,80.0,100,17,0.5714285714285714,0.9174067087922391,Stable-acquisition,2,4
S016,Class A,76.40000000000002,1.0,59.7,85.83333333333333,83.66666666666667,5.106666666666663,30.56304958606062,1,90.0,66.0,70,18,0.4285714285714285,0.2721067124541655,Stable-acquisition,2,3
S017,Class A,19.91111111111111,0.4444444444444444,0.0,0.0,59.73333333333333,9.72166666666667,33.21759490256799,6,32.5,36.0,100,4,0.4285714285714285,0.02943795175329479,Double-low,1,2
S018,Class A,86.01111111111112,1.0,90.26666666666668,85.0,82.76666666666667,-1.385000000000001,13.17710556651616,0,52.5,66.0,100,16,0.8571428571428571,0.05486811636747907,Stable-acquisition,2,4
S019,Class A,97.38888888888889,1.0,100.0,98.33333333333331,93.83333333333331,-0.6633333333333363,5.219780753164938,0,52.5,32.0,80,17,0.5714285714285714,-1.924378615391901,Discrepant,2,3
S020,Class A,57.90000000000001,0.8888888888888888,36.66666666666666,58.33333333333334,78.69999999999999,6.461666666666666,37.42024852937244,2,87.5,40.0,80,18,0.4285714285714285,-0.6266223487695404,Double-low,3,3
S021,Class A,32.07777777777778,0.5555555555555556,49.06666666666666,25.83333333333333,21.33333333333333,-2.910000000000005,38.20869592703269,5,52.5,66.0,60,8,0.7142857142857143,1.273915683309418,Low-engagement potential,1,2
S022,Class A,96.74444444444444,1.0,100.0,97.5,92.73333333333332,-0.9133333333333422,4.983249720591751,0,80.0,96.0,100,18,0.5714285714285714,1.331743280172368,Stable-acquisition,2,4
S023,Class A,93.82222222222222,1.0,94.46666666666664,92.23333333333332,94.76666666666668,0.1683333333333291,7.68485162149826,0,35.0,74.0,100,17,0.5714285714285714,0.2835091187805631,Stable-acquisition,2,4
S024,Class A,94.84444444444443,1.0,100.0,93.33333333333331,91.2,-1.020000000000007,8.725696406463943,0,85.0,52.0,80,18,0.8571428571428571,-0.8538807670167604,Discrepant,2,4
S025,Class A,81.25555555555555,0.8888888888888888,100.0,95.0,48.76666666666667,-8.643333333333336,33.53077359348838,1,65.0,56.00000000000001,80,16,0.4285714285714285,-0.3441357923553188,Discrepant,2,4
S026,Class A,56.98888888888889,0.8888888888888888,50.0,69.73333333333333,51.23333333333333,-2.145000000000004,41.59421367343192,2,47.5,46.0,60,7,0.8571428571428571,-0.3021327938778617,Double-low,3,3
S027,Class A,74.33333333333333,1.0,64.63333333333334,69.76666666666667,88.60000000000001,3.646666666666663,27.13784258190028,0,67.5,84.0,80,2,0.5714285714285714,1.23050680399024,Stable-acquisition,1,2
S028,Class A,71.96666666666667,1.0,45.83333333333334,86.36666666666667,83.7,6.356666666666666,29.51351385382635,1,82.5,70.0,80,18,0.5714285714285714,0.574909949340544,Stable-acquisition,2,3
S029,Class A,76.89999999999999,1.0,83.3,93.06666666666666,54.33333333333334,-5.025000000000006,24.63331078032346,0,80.0,80.0,80,20,1.0,0.9698955718929533,Stable-acquisition,2,4
S030,Class A,60.84444444444445,0.8888888888888888,23.33333333333333,91.93333333333334,67.26666666666667,6.42,36.55349200524866,2,45.0,28.0,40,16,0.4285714285714285,-1.300966890003482,Double-low,3,3
S031,Class A,83.99999999999999,1.0,67.13333333333334,97.5,87.36666666666667,3.528333333333333,15.52063143045411,0,77.5,62.0,60,18,0.5714285714285714,-0.1022722468422762,Stable-acquisition,2,3
S032,Class A,75.14444444444445,0.8888888888888888,66.66666666666667,92.23333333333332,66.53333333333332,1.273333333333333,32.00281671631074,1,85.0,96.0,100,19,0.5714285714285714,1.819965049874702,Stable-acquisition,2,4
S033,Class A,40.65555555555555,0.6666666666666666,16.66666666666667,45.53333333333333,59.76666666666667,7.855,40.69425976446528,4,77.5,54.0,60,16,0.5714285714285714,0.4722416990512569,Double-low,3,3
S034,Class A,91.96666666666668,1.0,91.66666666666669,98.33333333333331,85.89999999999999,-0.6233333333333378,14.30594282107964,0,65.0,16.0,0,5,0.4285714285714285,-2.612209789244171,Discrepant,3,1
S035,Class A,96.03333333333332,1.0,98.63333333333333,97.5,91.96666666666664,-0.7383333333333401,5.57337420240199,0,40.0,32.0,100,18,0.5714285714285714,-1.893739183342681,Discrepant,2,3
S036,Class A,75.9,1.0,71.76666666666667,86.7,69.23333333333333,-1.200000000000004,18.8435002056412,0,90.0,34.0,80,14,0.8571428571428571,-1.337369661789917,Discrepant,3,3
S037,Class A,80.57777777777777,1.0,61.1,95.0,85.63333333333333,5.648333333333332,31.80521882403019,1,80.0,88.0,90,15,0.8571428571428571,1.291961727767595,Stable-acquisition,2,4
S038,Class A,91.93333333333334,1.0,81.93333333333334,98.33333333333331,95.53333333333336,2.909999999999996,16.00468681355559,0,90.0,96.0,100,17,0.5714285714285714,1.440488149658536,Stable-acquisition,2,4
S039,Class A,70.35555555555555,0.7777777777777778,84.7,66.66666666666667,59.7,-3.81833333333334,41.21510982367726,2,45.0,32.0,60,17,0.4285714285714285,-1.313347974607036,Discrepant,3,3
S040,Class B,72.1875,1.0,66.66666666666667,79.76666666666667,69.1,0.627380952380951,18.43780568753854,0,62.5,62.0,80,17,1.0,-0.2497690349294962,Stable-acquisition,2,4
S041,Class B,75.30000000000001,0.875,84.7,66.66666666666667,74.15,-2.857142857142855,32.86504873830904,1,37.5,84.0,100,14,1.0,0.7941643045455635,Stable-acquisition,2,4
S042,Class B,95.075,1.0,100.0,98.33333333333331,82.8,-2.238095238095231,9.974359986628576,0,37.5,92.0,40,19,1.0,0.7523872048357114,Stable-acquisition,2,4
S043,Class B,68.3,1.0,50.46666666666667,76.63333333333334,82.55000000000001,6.726190476190476,33.47344363180204,1,30.0,54.0,80,6,0.8333333333333334,-0.5670948688375061,Double-low,3,3
S044,Class B,84.025,1.0,76.3,96.66666666666669,76.65,1.966666666666669,20.95592313131813,0,97.5,92.0,100,16,1.0,1.002148804613989,Stable-acquisition,2,4
S045,Class B,20.075,1.0,0.0,28.9,36.95,7.15,27.70676812621783,4,82.5,50.0,80,0,0.8333333333333334,0.3203308150897914,Double-low,1,2
S046,Class B,29.075,0.5,33.33333333333334,44.2,0.0,-0.7999999999999989,42.34790431650661,5,82.5,8.0,70,4,1.0,-2.010365790165205,Double-low,1,2
S047,Class B,12.2,0.5,0.0,18.86666666666667,20.5,4.300000000000002,16.24772511549144,4,42.5,74.0,70,3,0.6666666666666666,1.713911688367494,Low-engagement potential,1,2
S048,Class B,81.05,1.0,73.06666666666666,91.66666666666669,77.1,2.752380952380954,20.20657601588439,0,82.5,46.0,80,6,1.0,-1.26047578114471,Discrepant,3,3
S049,Class B,73.4125,0.875,66.66666666666667,97.5,47.4,-0.3988095238095203,45.40001376651774,2,85.0,90.0,80,19,0.8333333333333334,1.140723040513679,Stable-acquisition,2,4
S050,Class B,18.9125,0.625,8.333333333333334,11.1,46.5,8.046428571428573,32.77941154793007,5,80.0,62.0,80,2,1.0,0.9543983160377181,Low-engagement potential,1,2
S051,Class B,49.2625,0.625,50.0,61.1,30.4,-4.715476190476183,44.2737890049761,3,77.5,40.0,0,7,1.0,-0.8458832164310616,Double-low,3,1
S052,Class B,0.0,0.0,0.0,0.0,0.0,0.0,0.0,8,65.0,36.0,100,4,1.0,0.06499293444374414,Double-low,1,2
S053,Class B,54.1625,0.625,52.76666666666667,61.1,45.85,1.789285714285712,45.4234973019786,3,72.5,44.0,80,11,0.5,-0.7540400034901363,Double-low,3,3
S054,Class B,73.55,1.0,58.3,85.56666666666666,78.4,1.314285714285721,25.87939058677498,0,72.5,57.99999999999999,70,10,1.0,-0.4831626567945358,Discrepant,3,3
S055,Class B,44.85,1.0,28.56666666666666,60.0,46.55,0.9666666666666648,37.10163646756607,2,72.5,68.0,100,4,1.0,0.6720324806184519,Low-engagement potential,1,2
S056,Class B,75.275,0.875,80.0,91.1,44.45,-2.592857142857141,36.27571993969048,1,72.5,78.0,60,17,1.0,0.4908335377698427,Stable-acquisition,2,4
S057,Class B,68.4,1.0,70.36666666666666,68.3,65.6,1.504761904761906,20.94339309390229,0,87.5,84.0,100,15,1.0,0.9501240365338092,Low-engagement potential,2,4
S058,Class B,59.4875,0.875,49.4,61.66666666666666,71.35,1.253571428571427,30.9256914693454,1,52.5,18.0,0,5,0.6666666666666666,-2.191282197267459,Double-low,3,1
S059,Class B,93.175,1.0,95.8,95.83333333333331,85.25,-1.419047619047614,7.598261079258296,0,90.0,48.0,100,19,0.8333333333333334,-1.433236842353418,Discrepant,2,4
S060,Class B,74.9875,1.0,67.5,80.3,78.25,3.077380952380954,20.834136651179,0,37.5,70.0,100,1,1.0,0.0921374089114439,Stable-acquisition,1,2
S061,Class B,82.0625,0.875,100.0,93.33333333333331,38.25,-9.970238095238091,34.59607481864298,1,77.5,88.0,60,10,1.0,0.8439096912795169,Stable-acquisition,2,4
S062,Class B,43.4,0.625,5.566666666666666,55.0,82.75,15.58333333333334,44.28101818419007,3,95.0,84.0,0,5,0.8333333333333334,1.515195529244844,Low-engagement potential,3,1
S063,Class B,77.3375,1.0,59.43333333333334,91.66666666666669,82.7,7.01547619047619,33.15017506956573,1,82.5,70.0,80,16,1.0,0.03902068859660643,Stable-acquisition,2,3
S064,Class B,75.1625,1.0,46.63333333333333,94.16666666666669,89.45,8.236904761904766,24.85322269991215,0,92.5,50.0,50,12,1.0,-0.924804219098973,Discrepant,3,3
S065,Class B,23.9875,0.625,0.0,38.6,38.05,5.115476190476191,36.06175011599647,5,77.5,57.99999999999999,50,3,1.0,0.6370915775050899,Double-low,1,2
S066,Class B,40.875,1.0,16.66666666666667,47.46666666666667,67.3,8.911904761904761,34.42415057568077,2,45.0,14.0,60,3,1.0,-1.973183696456381,Double-low,1,2
S067,Class B,96.675,1.0,100.0,98.33333333333331,89.2,-1.609523809523811,4.928271212388491,0,87.5,88.0,100,19,0.8333333333333334,0.5136254037899172,Stable-acquisition,2,4
S068,Class B,48.1375,0.875,16.66666666666667,69.16666666666667,63.8,8.21547619047619,37.18463344293869,2,75.0,60.0,0,5,1.0,0.192531128302375,Low-engagement potential,3,1
S069,Class B,76.8625,0.875,66.66666666666667,75.16666666666667,94.7,5.494047619047628,35.27414826348448,1,82.5,18.0,50,5,0.6666666666666666,-2.584006884701627,Discrepant,3,3
S070,Class B,76.1125,1.0,63.33333333333334,91.93333333333334,71.55,4.191666666666666,32.71008745675516,1,77.5,72.0,60,8,1.0,0.1680078044955913,Stable-acquisition,3,3
S071,Class B,85.9375,1.0,74.46666666666667,93.33333333333331,92.05,4.736904761904763,20.25896186171162,0,90.0,84.0,100,15,0.8333333333333334,0.5537263843970186,Stable-acquisition,2,4
S072,Class B,89.1875,1.0,77.23333333333333,98.33333333333331,93.4,4.582142857142856,20.26470806247016,0,77.5,80.0,100,20,1.0,0.2776698648322961,Stable-acquisition,2,4
S073,Class B,58.0125,0.75,41.1,64.16666666666667,74.15,6.925,39.95781480869186,2,42.5,54.0,0,3,0.8333333333333334,-0.3345679495869157,Double-low,3,1
S074,Class B,63.1125,0.75,88.89999999999999,27.8,77.4,-1.565476190476186,41.031292500794,2,72.5,68.0,90,16,1.0,0.2592477551930413,Low-engagement potential,2,4
S075,Class B,81.15,1.0,61.03333333333333,96.66666666666669,88.05000000000001,6.183333333333334,20.53943941368828,0,100.0,80.0,100,18,1.0,0.4593403497388936,Stable-acquisition,2,4
S076,Class B,0.0,0.0,0.0,0.0,0.0,0.0,0.0,8,85.0,42.0,70,4,1.0,0.3688887727121761,Double-low,1,2
S077,Class B,82.4375,1.0,69.33333333333333,92.23333333333332,87.4,4.765476190476192,20.11701039277102,0,95.0,88.0,50,12,0.8333333333333334,0.8354336188888514,Stable-acquisition,2,4
S078,Class C,80.10000000000001,0.8888888888888888,95.83333333333331,91.1,53.36666666666667,-6.07666666666667,32.31737148964934,1,85.0,72.0,40,17,1.0,0.5698005620321683,Stable-acquisition,2,4
S079,Class C,93.11111111111111,1.0,100.0,91.1,88.23333333333333,-2.058333333333339,7.81144103934166,0,95.0,80.0,50,21,1.0,0.6809066939613571,Stable-acquisition,2,4
S080,Class C,78.73333333333332,1.0,67.5,82.23333333333333,86.46666666666665,3.82333333333333,21.24799990587349,0,85.0,68.0,0,16,1.0,0.3980939114547508,Stable-acquisition,3,1
S081,Class C,68.45555555555556,1.0,46.66666666666666,70.53333333333333,88.16666666666667,6.009999999999998,39.30703216700261,1,82.5,36.0,40,17,1.0,-0.9903767234179058,Discrepant,3,3
S082,Class C,81.91111111111111,0.8888888888888888,100.0,97.5,48.23333333333333,-8.510000000000007,35.65366195934313,1,90.0,56.00000000000001,50,7,0.875,-0.2815246303778269,Discrepant,2,4
S083,Class C,76.32222222222224,0.8888888888888888,78.63333333333334,92.5,57.83333333333334,-1.771666666666669,34.72545096099466,1,75.0,54.0,70,17,1.0,-0.2564983716523491,Discrepant,2,4
S084,Class C,46.63333333333333,0.7777777777777778,30.0,64.16666666666667,45.73333333333333,-0.4983333333333343,40.04525564907783,3,55.00000000000001,30.0,80,16,0.875,-0.801027934271017,Double-low,3,3
S085,Class C,90.92222222222222,1.0,98.63333333333333,95.83333333333331,78.3,-2.52166666666667,13.92774010543148,0,90.0,57.99999999999999,100,15,0.875,-0.3839028978833053,Discrepant,2,4
S086,Class C,65.83333333333333,1.0,38.33333333333334,93.9,65.26666666666667,3.95333333333333,32.33368986057731,1,95.0,64.0,0,17,1.0,0.4870735761813563,Low-engagement potential,3,1
S087,Class C,81.45555555555555,1.0,52.23333333333333,98.33333333333331,93.8,7.544999999999997,31.25456411114667,0,90.0,50.0,60,18,1.0,-0.5751236103346357,Discrepant,3,3
S088,Class C,82.01111111111112,0.8888888888888888,66.66666666666667,96.66666666666669,82.7,2.066666666666663,33.05383655661036,1,75.0,54.0,60,9,1.0,-0.3850835291048155,Discrepant,3,3
S089,Class C,79.32222222222224,1.0,75.93333333333334,84.16666666666667,77.86666666666667,-0.7583333333333376,15.36577184668718,0,57.49999999999999,62.0,70,18,1.0,0.08088750024690264,Stable-acquisition,2,4
S090,Class C,96.28888888888888,1.0,100.0,95.83333333333331,93.03333333333336,-0.6966666666666705,7.657585201035059,0,90.0,60.0,80,16,1.0,-0.4039062988957963,Stable-acquisition,2,4
S091,Class C,84.30000000000001,0.8888888888888888,100.0,93.33333333333331,59.56666666666666,-5.710000000000009,32.85437565987215,1,87.5,80.0,80,18,1.0,0.8800630022812904,Stable-acquisition,2,4
S092,Class C,11.31111111111111,0.2222222222222222,0.0,21.66666666666667,12.26666666666667,1.226666666666666,23.52596674126509,7,20.0,0.0,0,3,0.875,-1.522123892133898,Double-low,1,1
S093,Class C,75.12222222222222,1.0,33.33333333333334,96.4,95.63333333333333,11.09166666666667,42.8319617160415,2,85.0,32.0,100,16,1.0,-1.343659680319803,Discrepant,3,3
S094,Class C,80.52222222222223,1.0,69.43333333333334,96.66666666666669,75.46666666666667,2.218333333333331,25.2755206562485,0,45.0,80.0,100,17,1.0,0.965451583402069,Stable-acquisition,2,4
S095,Class C,78.97777777777777,0.8888888888888888,94.43333333333334,92.5,50.0,-6.621666666666671,31.74333700864552,1,82.5,92.0,60,15,0.875,1.608152121044192,Stable-acquisition,2,4
S096,Class C,91.77777777777776,1.0,100.0,90.83333333333331,84.5,-2.749999999999999,13.9376089930965,0,82.5,64.0,100,19,1.0,-0.09934506180987235,Stable-acquisition,2,4
S097,Class C,61.37777777777777,1.0,33.33333333333334,85.26666666666667,65.53333333333333,7.113333333333332,37.87934060202797,2,77.5,42.0,80,18,1.0,-0.5265028669908386,Double-low,3,3
S098,Class C,59.55555555555556,0.7777777777777778,66.66666666666667,57.96666666666667,54.03333333333333,-1.541666666666667,45.27090984040168,3,57.49999999999999,64.0,0,10,1.0,0.6289693065732382,Low-engagement potential,3,1
S099,Class C,96.78888888888888,1.0,100.0,96.66666666666669,93.7,-0.906666666666673,4.853463826084531,0,85.0,64.0,60,18,1.0,-0.2126105032377289,Stable-acquisition,2,4
S100,Class C,3.644444444444444,0.8888888888888888,0.0,8.333333333333334,2.6,0.2599999999999997,8.413547276730414,7,75.0,16.0,70,3,1.0,-0.5384463989866948,Double-low,1,2
S101,Class C,90.5,1.0,80.0,95.0,96.5,3.649999999999996,19.75790980847924,0,80.0,48.0,70,16,1.0,-0.8808525320093497,Discrepant,3,3
S102,Class C,62.16666666666666,0.6666666666666666,94.43333333333334,33.33333333333334,58.73333333333333,-8.291666666666671,47.38549356079348,3,75.0,84.0,100,19,1.0,1.582936856007081,Low-engagement potential,2,4
S103,Class C,67.72222222222223,1.0,33.33333333333334,89.43333333333334,80.39999999999999,8.475,39.22278603623721,2,77.5,60.0,70,18,1.0,0.2417820601086789,Low-engagement potential,3,3
S104,Class C,81.96666666666667,1.0,55.53333333333333,96.66666666666669,93.7,7.56833333333333,32.53843880704789,1,90.0,92.0,100,18,1.0,1.540594684804518,Stable-acquisition,2,4
S105,Class C,92.64444444444445,1.0,83.3,96.4,98.23333333333332,2.189999999999995,16.30299904243933,0,85.0,84.0,80,18,1.0,0.8940519206709177,Stable-acquisition,2,4
S106,Class C,85.11111111111111,1.0,86.13333333333333,84.46666666666667,84.73333333333333,-0.6500000000000048,11.87891455946675,0,82.5,88.0,80,18,1.0,1.266924022653464,Stable-acquisition,2,4
S107,Class C,75.30000000000001,1.0,64.33333333333333,84.39999999999999,77.16666666666667,1.119999999999997,20.22584979673289,0,87.5,26.0,70,18,1.0,-1.651573804758625,Discrepant,3,3
S108,Class C,75.9,1.0,71.10000000000001,75.83333333333333,80.76666666666667,2.284999999999996,21.41033628881153,0,85.0,32.0,20,17,1.0,-1.361239682315257,Discrepant,3,1
S109,Class C,74.67777777777778,0.8888888888888888,65.3,65.0,93.73333333333332,4.438333333333332,42.51587285290571,2,82.5,70.0,80,18,1.0,0.5910596774729067,Stable-acquisition,2,4
S110,Class C,33.33333333333334,0.3333333333333333,33.33333333333334,66.66666666666667,0.0,-3.333333333333337,50.0,6,87.5,40.0,80,15,0.75,0.006083163631973252,Double-low,3,3
S111,Class C,79.73333333333333,0.8888888888888888,94.43333333333334,93.9,50.86666666666667,-6.06666666666667,32.66687925100896,1,85.0,72.0,60,15,1.0,0.578088277258597,Stable-acquisition,2,4
S112,Class C,58.94444444444444,0.7777777777777778,32.36666666666667,93.06666666666666,51.4,2.738333333333333,40.03195945463796,2,77.5,44.0,70,17,1.0,-0.3702039622774874,Double-low,3,3
S113,Class C,61.01111111111111,1.0,8.333333333333334,81.93333333333334,92.76666666666668,13.72166666666667,41.12777177420521,2,92.5,44.0,100,18,1.0,-0.4169165390082663,Double-low,3,3
